<powerpagecomponent powerpagecomponentid="d6499f6a-1d3e-400c-8427-c96a775d4655">
  <content>{"enablerating":false,"enabletracking":false,"excludefromsearch":false,"hiddenfromsitemap":true,"isroot":true,"pagetemplateid":"9f216ada-49b2-4944-bcfc-6e43d541555e","parentpageid":"18e6874d-16b0-4a03-945d-0ea062afeb92","partialurl":"profile","publishingstateid":"1589dabf-bf85-4034-8ce0-c0698ce2a3d2","sharedpageconfiguration":false,"title":"Profile"}</content>
  <iscustomizable>1</iscustomizable>
  <name>Profile</name>
  <powerpagecomponenttype>2</powerpagecomponenttype>
  <powerpagesiteid>
    <powerpagesiteid>386572a3-b470-469b-8132-7fe4ee2489fd</powerpagesiteid>
  </powerpagesiteid>
  <searchcontent>ProfileProfile</searchcontent>
  <statecode>0</statecode>
  <statuscode>1</statuscode>
</powerpagecomponent>