<powerpagecomponent powerpagecomponentid="8078198a-e1ae-4b6b-adbc-70fbac5459d2">
  <content>{"disablepagevalidation":false,"displayimageonly":false,"displayorder":2,"displaypagechildlinks":false,"openinnewwindow":false,"pageid":"33ea9797-2ea7-4247-a123-1076addcc07d","publishingstateid":"1589dabf-bf85-4034-8ce0-c0698ce2a3d2","robotsfollowlink":true,"weblinksetid":"cd90aabb-60ff-4302-8150-b165df168555"}</content>
  <iscustomizable>1</iscustomizable>
  <name>About Us</name>
  <powerpagecomponenttype>5</powerpagecomponenttype>
  <powerpagesiteid>
    <powerpagesiteid>386572a3-b470-469b-8132-7fe4ee2489fd</powerpagesiteid>
  </powerpagesiteid>
  <statecode>0</statecode>
  <statuscode>1</statuscode>
</powerpagecomponent>