<powerpagecomponent powerpagecomponentid="d4e45e7a-eacb-4d8c-9709-6180ac9946bf">
  <content>{"disablepagevalidation":false,"displayimageonly":false,"displayorder":1,"displaypagechildlinks":false,"openinnewwindow":false,"pageid":"d6499f6a-1d3e-400c-8427-c96a775d4655","publishingstateid":"1589dabf-bf85-4034-8ce0-c0698ce2a3d2","robotsfollowlink":true,"weblinksetid":"5b47f055-a1e2-40e5-973e-676da94273d9"}</content>
  <iscustomizable>1</iscustomizable>
  <name>Profile</name>
  <powerpagecomponenttype>5</powerpagecomponenttype>
  <powerpagesiteid>
    <powerpagesiteid>386572a3-b470-469b-8132-7fe4ee2489fd</powerpagesiteid>
  </powerpagesiteid>
  <statecode>0</statecode>
  <statuscode>1</statuscode>
</powerpagecomponent>