<powerpagecomponent powerpagecomponentid="affa1492-2ea3-4b20-874c-bbee96505337">
  <content>{"display_name":"Site name","value":"Volunteer Hub"}</content>
  <iscustomizable>1</iscustomizable>
  <name>Site name</name>
  <powerpagecomponenttype>7</powerpagecomponenttype>
  <powerpagesiteid>
    <powerpagesiteid>386572a3-b470-469b-8132-7fe4ee2489fd</powerpagesiteid>
  </powerpagesiteid>
  <powerpagesitelanguageid>
    <powerpagesitelanguageid>17f8667b-8ee5-4070-bf4b-6e4b04586c01</powerpagesitelanguageid>
  </powerpagesitelanguageid>
  <statecode>0</statecode>
  <statuscode>1</statuscode>
</powerpagecomponent>