<powerpagecomponent powerpagecomponentid="5b47f055-a1e2-40e5-973e-676da94273d9">
  <content>{"display_name":"Profile Navigation"}</content>
  <iscustomizable>1</iscustomizable>
  <name>Profile Navigation</name>
  <powerpagecomponenttype>4</powerpagecomponenttype>
  <powerpagesiteid>
    <powerpagesiteid>386572a3-b470-469b-8132-7fe4ee2489fd</powerpagesiteid>
  </powerpagesiteid>
  <powerpagesitelanguageid>
    <powerpagesitelanguageid>17f8667b-8ee5-4070-bf4b-6e4b04586c01</powerpagesitelanguageid>
  </powerpagesitelanguageid>
  <statecode>0</statecode>
  <statuscode>1</statuscode>
</powerpagecomponent>