<powerpagecomponent powerpagecomponentid="3a66c144-0073-4ac1-bedf-d20a5801bafe">
  <content>{"disablepagevalidation":false,"displayimageonly":false,"displayorder":3,"displaypagechildlinks":false,"openinnewwindow":false,"pageid":"d049c553-d0f5-41e5-be12-165c4fd365f5","publishingstateid":"1589dabf-bf85-4034-8ce0-c0698ce2a3d2","robotsfollowlink":true,"weblinksetid":"cd90aabb-60ff-4302-8150-b165df168555"}</content>
  <iscustomizable>1</iscustomizable>
  <name>Schedule Management</name>
  <powerpagecomponenttype>5</powerpagecomponenttype>
  <powerpagesiteid>
    <powerpagesiteid>386572a3-b470-469b-8132-7fe4ee2489fd</powerpagesiteid>
  </powerpagesiteid>
  <statecode>0</statecode>
  <statuscode>1</statuscode>
</powerpagecomponent>