<ImportExportXml version="9.2.25101.143" SolutionPackageVersion="9.2" languagecode="1033" generatedBy="CrmLive" xmlns:xsi="http://www.w3.org/2001/XMLSchema-instance" OrganizationVersion="9.2.25101.143" OrganizationSchemaType="Standard" CRMServerServiceabilityVersion="9.2.25102.00140">
  <SolutionManifest>
    <UniqueName>PL900Labs</UniqueName>
    <LocalizedNames>
      <LocalizedName description="PL900Labs" languagecode="1033" />
    </LocalizedNames>
    <Descriptions />
    <Version>1.0.0.3</Version>
    <Managed>0</Managed>
    <Publisher>
      <UniqueName>PL900</UniqueName>
      <LocalizedNames>
        <LocalizedName description="PL900" languagecode="1033" />
      </LocalizedNames>
      <Descriptions />
      <EMailAddress xsi:nil="true"></EMailAddress>
      <SupportingWebsiteUrl xsi:nil="true"></SupportingWebsiteUrl>
      <CustomizationPrefix>pl900</CustomizationPrefix>
      <CustomizationOptionValuePrefix>72109</CustomizationOptionValuePrefix>
      <Addresses>
        <Address>
          <AddressNumber>1</AddressNumber>
          <AddressTypeCode>1</AddressTypeCode>
          <City xsi:nil="true"></City>
          <County xsi:nil="true"></County>
          <Country xsi:nil="true"></Country>
          <Fax xsi:nil="true"></Fax>
          <FreightTermsCode xsi:nil="true"></FreightTermsCode>
          <ImportSequenceNumber xsi:nil="true"></ImportSequenceNumber>
          <Latitude xsi:nil="true"></Latitude>
          <Line1 xsi:nil="true"></Line1>
          <Line2 xsi:nil="true"></Line2>
          <Line3 xsi:nil="true"></Line3>
          <Longitude xsi:nil="true"></Longitude>
          <Name xsi:nil="true"></Name>
          <PostalCode xsi:nil="true"></PostalCode>
          <PostOfficeBox xsi:nil="true"></PostOfficeBox>
          <PrimaryContactName xsi:nil="true"></PrimaryContactName>
          <ShippingMethodCode>1</ShippingMethodCode>
          <StateOrProvince xsi:nil="true"></StateOrProvince>
          <Telephone1 xsi:nil="true"></Telephone1>
          <Telephone2 xsi:nil="true"></Telephone2>
          <Telephone3 xsi:nil="true"></Telephone3>
          <TimeZoneRuleVersionNumber xsi:nil="true"></TimeZoneRuleVersionNumber>
          <UPSZone xsi:nil="true"></UPSZone>
          <UTCOffset xsi:nil="true"></UTCOffset>
          <UTCConversionTimeZoneCode xsi:nil="true"></UTCConversionTimeZoneCode>
        </Address>
        <Address>
          <AddressNumber>2</AddressNumber>
          <AddressTypeCode>1</AddressTypeCode>
          <City xsi:nil="true"></City>
          <County xsi:nil="true"></County>
          <Country xsi:nil="true"></Country>
          <Fax xsi:nil="true"></Fax>
          <FreightTermsCode xsi:nil="true"></FreightTermsCode>
          <ImportSequenceNumber xsi:nil="true"></ImportSequenceNumber>
          <Latitude xsi:nil="true"></Latitude>
          <Line1 xsi:nil="true"></Line1>
          <Line2 xsi:nil="true"></Line2>
          <Line3 xsi:nil="true"></Line3>
          <Longitude xsi:nil="true"></Longitude>
          <Name xsi:nil="true"></Name>
          <PostalCode xsi:nil="true"></PostalCode>
          <PostOfficeBox xsi:nil="true"></PostOfficeBox>
          <PrimaryContactName xsi:nil="true"></PrimaryContactName>
          <ShippingMethodCode>1</ShippingMethodCode>
          <StateOrProvince xsi:nil="true"></StateOrProvince>
          <Telephone1 xsi:nil="true"></Telephone1>
          <Telephone2 xsi:nil="true"></Telephone2>
          <Telephone3 xsi:nil="true"></Telephone3>
          <TimeZoneRuleVersionNumber xsi:nil="true"></TimeZoneRuleVersionNumber>
          <UPSZone xsi:nil="true"></UPSZone>
          <UTCOffset xsi:nil="true"></UTCOffset>
          <UTCConversionTimeZoneCode xsi:nil="true"></UTCConversionTimeZoneCode>
        </Address>
      </Addresses>
    </Publisher>
    <RootComponents>
      <RootComponent type="1" schemaName="contact" behavior="1" />
      <RootComponent type="1" schemaName="pl900_shift" behavior="0" />
      <RootComponent type="1" schemaName="pl900_volunteerassignment" behavior="0" />
      <RootComponent type="61" schemaName="cc_MscrmControls.ActivityCalendarControl.ActivityCalendarControl/res/CalendarPreview.png" behavior="0" />
      <RootComponent type="61" schemaName="msdyncrm_/libs/ckeditor/plugins/smiley/images/heart.png" behavior="0" />
      <RootComponent type="62" schemaName="pl900_ShiftManagement" behavior="0" />
      <RootComponent type="80" schemaName="pl900_ShiftManagement" behavior="0" />
      <RootComponent type="300" schemaName="pl900_volunteerassignment_fe4f9" behavior="0" />
    </RootComponents>
    <MissingDependencies>
      <MissingDependency>
        <Required type="26" schemaName="All Contacts" displayName="All Contacts" parentSchemaName="contact" parentDisplayName="Contact" solution="msdynce_AppCommon (9.0.4.0066)" id="{0d5d377b-5e7c-47b5-bab1-a5cb8b4ac105}">
          <package appName="msdynce_AppCommon" version="9.0.25094.10001">msdynce_AppCommonAnchor (9.0.25094.10001)</package>
        </Required>
        <Dependent type="80" schemaName="pl900_ShiftManagement" displayName="Shift Management" />
      </MissingDependency>
      <MissingDependency>
        <Required type="61" schemaName="cc_MscrmControls.ActivityCalendarControl.ActivityCalendarControl/res/CalendarPreview.png" displayName="cc_MscrmControls.ActivityCalendarControl.ActivityCalendarControl/res/CalendarPreview.png" solution="msdyn_UCICalendar (1.0.0.8401)">
          <package appName="msdyn_CustomControlsExtended" version="1.25101.1.5522">msdyn_TimelineExtended (1.25101.1.5522)</package>
        </Required>
        <Dependent type="1" schemaName="pl900_shift" displayName="Shift" />
      </MissingDependency>
      <MissingDependency>
        <Required type="61" schemaName="cc_MscrmControls.ActivityCalendarControl.ActivityCalendarControl/res/CalendarPreview.png" displayName="cc_MscrmControls.ActivityCalendarControl.ActivityCalendarControl/res/CalendarPreview.png" solution="msdyn_UCICalendar (1.0.0.8401)">
          <package appName="msdyn_CustomControlsExtended" version="1.25101.1.5522">msdyn_TimelineExtended (1.25101.1.5522)</package>
        </Required>
        <Dependent type="61" schemaName="cc_MscrmControls.ActivityCalendarControl.ActivityCalendarControl/res/CalendarPreview.png" displayName="cc_MscrmControls.ActivityCalendarControl.ActivityCalendarControl/res/CalendarPreview.png" />
      </MissingDependency>
      <MissingDependency>
        <Required type="61" schemaName="msdyn_/Images/AppModule_Default_Icon.png" displayName="msdyn_/Images/AppModule_Default_Icon.png" solution="AppModuleWebResources (2.5)">
          <package appName="AppModule Web Resources Package" version="2.5">AppModuleWebResources (2.5)</package>
        </Required>
        <Dependent type="80" schemaName="pl900_ShiftManagement" displayName="Shift Management" />
      </MissingDependency>
      <MissingDependency>
        <Required type="61" schemaName="msdyncrm_/libs/ckeditor/plugins/smiley/images/heart.png" displayName="msdyncrm_/libs/ckeditor/plugins/smiley/images/heart.png" solution="SampleEditorCustomControl (1.70.180.0)">
          <package appName="Base Html Content Designer" version="1.70.180.0">SampleEditorCustomControl (1.70.180.0)</package>
        </Required>
        <Dependent type="1" schemaName="pl900_volunteerassignment" displayName="Volunteer Assignment" />
      </MissingDependency>
      <MissingDependency>
        <Required type="61" schemaName="msdyncrm_/libs/ckeditor/plugins/smiley/images/heart.png" displayName="msdyncrm_/libs/ckeditor/plugins/smiley/images/heart.png" solution="SampleEditorCustomControl (1.70.180.0)">
          <package appName="Base Html Content Designer" version="1.70.180.0">SampleEditorCustomControl (1.70.180.0)</package>
        </Required>
        <Dependent type="61" schemaName="msdyncrm_/libs/ckeditor/plugins/smiley/images/heart.png" displayName="msdyncrm_/libs/ckeditor/plugins/smiley/images/heart.png" />
      </MissingDependency>
      <MissingDependency>
        <Required type="SettingDefinition" displayName="AppChannel" solution="msdyn_AppFrameworkInfraExtensions (1.0.0.15)" id.uniquename="AppChannel">
          <package appName="PowerAppsAppFramework Package" version="1.0.0.23">PowerAppsAppFramework_Anchor (1.0.0.23)</package>
        </Required>
        <Dependent type="AppSetting" displayName="parentappmoduleid.uniquename=pl900_ShiftManagement,settingdefinitionid.uniquename=AppChannel" id.parentappmoduleid.uniquename="pl900_ShiftManagement" id.settingdefinitionid.uniquename="AppChannel" />
      </MissingDependency>
      <MissingDependency>
        <Required type="1" schemaName="contact" displayName="Contact" parentSchemaName="" solution="msdynce_PortalPrivacyExtensions (9.2.10.0)" />
        <Dependent type="1" schemaName="contact" displayName="Contact" />
      </MissingDependency>
    </MissingDependencies>
  </SolutionManifest>
</ImportExportXml>