<powerpagecomponent powerpagecomponentid="f849a574-94d7-4eee-988f-86e960541b2f">
  <content>{"copy":"&lt;div data-component-theme=\"portalThemeColor8\" class=\"row sectionBlockLayout\" style=\"display: flex; flex-wrap: wrap; min-height: 400px; background-image:url('https://cdn.hubblecontent.osi.office.net/m365content/publish/863b884c-6f93-443c-9615-744c35560cbc/thumbnails/xxlarge.jpg'); background-size: cover; background-position: center;\"&gt; &lt;div class=\"container\"&gt; &lt;div class=\"col-md-12 columnBlockLayout\" style=\"flex-grow: 1; display: flex; flex-direction: column; justify-content: center; color: white; padding: 40px;\"&gt; &lt;h1&gt;Welcome to Volunteer Hub&lt;/h1&gt; &lt;p&gt;Empowering nonprofits by simplifying volunteer coordination and tracking. Join us in making a difference together.&lt;/p&gt; &lt;/div&gt; &lt;/div&gt; &lt;/div&gt; &lt;div data-component-theme=\"portalThemeColor8\" class=\"row sectionBlockLayout\" style=\"display: flex; flex-wrap: wrap; min-height: auto;\"&gt; &lt;div class=\"container\"&gt; &lt;div class=\"col-md-6 columnBlockLayout\" style=\"flex-grow: 1; display: flex; flex-direction: column; margin: 30px 0; padding: 30px;\"&gt; &lt;h2&gt;Our Mission&lt;/h2&gt; &lt;p&gt;At Volunteer Hub, we strive to streamline the process of volunteer registration and scheduling, enabling nonprofit organizations to focus on their impactful work while we handle the logistics.&lt;/p&gt; &lt;/div&gt; &lt;div class=\"col-md-6 columnBlockLayout\" style=\"flex-grow: 1; display: flex; flex-direction: column; margin: 30px 0; padding: 30px;\"&gt; &lt;img src=\"https://cdn.hubblecontent.osi.office.net/m365content/publish/996b7b7e-1e72-4ce7-942a-bdb25c851814/thumbnails/xxlarge.jpg\" alt=\"Volunteers organizing event materials\" style=\"width: 100%; height: auto; border-radius: 6px;\"&gt; &lt;/div&gt; &lt;/div&gt; &lt;/div&gt; &lt;div data-component-theme=\"portalThemeColor8\" class=\"row sectionBlockLayout\" style=\"display: flex; flex-wrap: wrap; min-height: auto;\"&gt; &lt;div class=\"container\"&gt; &lt;div class=\"col-md-6 columnBlockLayout\" style=\"flex-grow: 1; display: flex; flex-direction: column; margin: 30px 0; padding: 30px; order: 2;\"&gt; &lt;h2&gt;What We Offer&lt;/h2&gt; &lt;p&gt;Our platform provides easy volunteer sign-ups, schedule management, and hour tracking to help nonprofits maximize their outreach and impact efficiently.&lt;/p&gt; &lt;/div&gt; &lt;div class=\"col-md-6 columnBlockLayout\" style=\"flex-grow: 1; display: flex; flex-direction: column; margin: 30px 0; padding: 30px; order: 1;\"&gt; &lt;img src=\"https://cdn.hubblecontent.osi.office.net/m365content/publish/8525a84b-47d2-4f26-beaa-a30389840187/thumbnails/xxlarge.jpg\" alt=\"Calendar and clock representing scheduling\" style=\"width: 100%; height: auto; border-radius: 6px;\"&gt; &lt;/div&gt; &lt;/div&gt; &lt;/div&gt; &lt;div data-component-theme=\"portalThemeColor8\" class=\"row sectionBlockLayout\" style=\"display: flex; flex-wrap: wrap; min-height: auto;\"&gt; &lt;div class=\"container\"&gt; &lt;div class=\"col-md-12 columnBlockLayout\" style=\"flex-grow: 1; display: flex; flex-direction: column; margin: 30px 0; padding: 30px;\"&gt; &lt;h2&gt;Our Commitment&lt;/h2&gt; &lt;p&gt;We are dedicated to supporting nonprofits by providing a reliable, user-friendly platform that enhances volunteer engagement and simplifies administrative tasks.&lt;/p&gt; &lt;button class=\"button1\" onclick=\"window.location.href='/register'\"&gt;Get Started&lt;/button&gt; &lt;/div&gt; &lt;/div&gt; &lt;/div&gt;","enablerating":false,"enabletracking":false,"excludefromsearch":false,"hiddenfromsitemap":false,"sharedpageconfiguration":false,"isroot":false,"rootwebpageid":"33ea9797-2ea7-4247-a123-1076addcc07d","pagetemplateid":"fcf5ec1d-4cfb-467f-bd7e-a651e21d746a","partialurl":"about-us","publishingstateid":"1589dabf-bf85-4034-8ce0-c0698ce2a3d2","parentpageid":"18e6874d-16b0-4a03-945d-0ea062afeb92"}</content>
  <iscustomizable>1</iscustomizable>
  <name>About Us</name>
  <powerpagecomponenttype>2</powerpagecomponenttype>
  <powerpagesiteid>
    <powerpagesiteid>386572a3-b470-469b-8132-7fe4ee2489fd</powerpagesiteid>
  </powerpagesiteid>
  <powerpagesitelanguageid>
    <powerpagesitelanguageid>17f8667b-8ee5-4070-bf4b-6e4b04586c01</powerpagesitelanguageid>
  </powerpagesitelanguageid>
  <searchcontent>&lt;div data-component-theme="portalThemeColor8" class="row sectionBlockLayout" style="display: flex; flex-wrap: wrap; min-height: 400px; background-image:url('https://cdn.hubblecontent.osi.office.net/m365content/publish/863b884c-6f93-443c-9615-744c35560cbc/thumbnails/xxlarge.jpg'); background-size: cover; background-position: center;"&gt; &lt;div class="container"&gt; &lt;div class="col-md-12 columnBlockLayout" style="flex-grow: 1; display: flex; flex-direction: column; justify-content: center; color: white; padding: 40px;"&gt; &lt;h1&gt;Welcome to Volunteer Hub&lt;/h1&gt; &lt;p&gt;Empowering nonprofits by simplifying volunteer coordination and tracking. Join us in making a difference together.&lt;/p&gt; &lt;/div&gt; &lt;/div&gt; &lt;/div&gt; &lt;div data-component-theme="portalThemeColor8" class="row sectionBlockLayout" style="display: flex; flex-wrap: wrap; min-height: auto;"&gt; &lt;div class="container"&gt; &lt;div class="col-md-6 columnBlockLayout" style="flex-grow: 1; display: flex; flex-direction: column; margin: 30px 0; padding: 30px;"&gt; &lt;h2&gt;Our Mission&lt;/h2&gt; &lt;p&gt;At Volunteer Hub, we strive to streamline the process of volunteer registration and scheduling, enabling nonprofit organizations to focus on their impactful work while we handle the logistics.&lt;/p&gt; &lt;/div&gt; &lt;div class="col-md-6 columnBlockLayout" style="flex-grow: 1; display: flex; flex-direction: column; margin: 30px 0; padding: 30px;"&gt; &lt;img src="https://cdn.hubblecontent.osi.office.net/m365content/publish/996b7b7e-1e72-4ce7-942a-bdb25c851814/thumbnails/xxlarge.jpg" alt="Volunteers organizing event materials" style="width: 100%; height: auto; border-radius: 6px;"&gt; &lt;/div&gt; &lt;/div&gt; &lt;/div&gt; &lt;div data-component-theme="portalThemeColor8" class="row sectionBlockLayout" style="display: flex; flex-wrap: wrap; min-height: auto;"&gt; &lt;div class="container"&gt; &lt;div class="col-md-6 columnBlockLayout" style="flex-grow: 1; display: flex; flex-direction: column; margin: 30px 0; padding: 30px; order: 2;"&gt; &lt;h2&gt;What We Offer&lt;/h2&gt; &lt;p&gt;Our platform provides easy volunteer sign-ups, schedule management, and hour tracking to help nonprofits maximize their outreach and impact efficiently.&lt;/p&gt; &lt;/div&gt; &lt;div class="col-md-6 columnBlockLayout" style="flex-grow: 1; display: flex; flex-direction: column; margin: 30px 0; padding: 30px; order: 1;"&gt; &lt;img src="https://cdn.hubblecontent.osi.office.net/m365content/publish/8525a84b-47d2-4f26-beaa-a30389840187/thumbnails/xxlarge.jpg" alt="Calendar and clock representing scheduling" style="width: 100%; height: auto; border-radius: 6px;"&gt; &lt;/div&gt; &lt;/div&gt; &lt;/div&gt; &lt;div data-component-theme="portalThemeColor8" class="row sectionBlockLayout" style="display: flex; flex-wrap: wrap; min-height: auto;"&gt; &lt;div class="container"&gt; &lt;div class="col-md-12 columnBlockLayout" style="flex-grow: 1; display: flex; flex-direction: column; margin: 30px 0; padding: 30px;"&gt; &lt;h2&gt;Our Commitment&lt;/h2&gt; &lt;p&gt;We are dedicated to supporting nonprofits by providing a reliable, user-friendly platform that enhances volunteer engagement and simplifies administrative tasks.&lt;/p&gt; &lt;button class="button1" onclick="window.location.href='/register'"&gt;Get Started&lt;/button&gt; &lt;/div&gt; &lt;/div&gt; &lt;/div&gt;About Us</searchcontent>
  <statecode>0</statecode>
  <statuscode>1</statuscode>
</powerpagecomponent>