<powerpagecomponent powerpagecomponentid="7151df50-f19e-4282-8ad1-212bad1374a1">
  <content>{
  "description": "This is the default studio template. Please do not modify.",
  "type": 756150001,
  "usewebsiteheaderandfooter": true,
  "webtemplateid": "ac339829-ec39-4c65-9f3d-73b14732056e",
  "isdefault": false
}</content>
  <iscustomizable>1</iscustomizable>
  <name>AI Search PageTemplate</name>
  <powerpagecomponenttype>6</powerpagecomponenttype>
  <powerpagesiteid>
    <powerpagesiteid>386572a3-b470-469b-8132-7fe4ee2489fd</powerpagesiteid>
  </powerpagesiteid>
  <statecode>0</statecode>
  <statuscode>1</statuscode>
</powerpagecomponent>