<powerpagecomponent powerpagecomponentid="725da8d5-043b-482a-b9ba-8be9493b356e">
  <content>{"enabletracking":false,"excludefromsearch":false,"hiddenfromsitemap":false,"parentpageid":"18e6874d-16b0-4a03-945d-0ea062afeb92","partialurl":"Cat-PC.png","publishingstateid":"1589dabf-bf85-4034-8ce0-c0698ce2a3d2"}</content>
  <filecontent mimetype="image/png">Cat-PC.png</filecontent>
  <iscustomizable>1</iscustomizable>
  <name>Cat-PC.png</name>
  <powerpagecomponenttype>3</powerpagecomponenttype>
  <powerpagesiteid>
    <powerpagesiteid>386572a3-b470-469b-8132-7fe4ee2489fd</powerpagesiteid>
  </powerpagesiteid>
  <statecode>0</statecode>
  <statuscode>1</statuscode>
</powerpagecomponent>