<powerpagecomponent powerpagecomponentid="3356e90a-9f77-4204-8bb9-c27cad849059">
  <content>{"displayorder":1,"enabletracking":false,"excludefromsearch":true,"hiddenfromsitemap":true,"parentpageid":"18e6874d-16b0-4a03-945d-0ea062afeb92","partialurl":"bootstrap.min.css","publishingstateid":"1589dabf-bf85-4034-8ce0-c0698ce2a3d2"}</content>
  <filecontent mimetype="text/css">bootstrap.min.css</filecontent>
  <iscustomizable>1</iscustomizable>
  <name>bootstrap.min.css</name>
  <powerpagecomponenttype>3</powerpagecomponenttype>
  <powerpagesiteid>
    <powerpagesiteid>386572a3-b470-469b-8132-7fe4ee2489fd</powerpagesiteid>
  </powerpagesiteid>
  <statecode>0</statecode>
  <statuscode>1</statuscode>
</powerpagecomponent>