<powerpagecomponent powerpagecomponentid="19f4beeb-9fb5-4472-9148-b1c04773ff44">
  <content>{"disablepagevalidation":false,"displayimageonly":false,"displayorder":1,"displaypagechildlinks":false,"openinnewwindow":false,"pageid":"18e6874d-16b0-4a03-945d-0ea062afeb92","publishingstateid":"1589dabf-bf85-4034-8ce0-c0698ce2a3d2","robotsfollowlink":true,"weblinksetid":"cd90aabb-60ff-4302-8150-b165df168555"}</content>
  <iscustomizable>1</iscustomizable>
  <name>Home</name>
  <powerpagecomponenttype>5</powerpagecomponenttype>
  <powerpagesiteid>
    <powerpagesiteid>386572a3-b470-469b-8132-7fe4ee2489fd</powerpagesiteid>
  </powerpagesiteid>
  <statecode>0</statecode>
  <statuscode>1</statuscode>
</powerpagecomponent>