<powerpagecomponent powerpagecomponentid="be4c32bd-e16a-4e60-9136-42562ccca74a">
  <content>{"copy":"&lt;div data-component-theme=\"portalThemeColor8\" class=\"row sectionBlockLayout\" style=\"display: flex; flex-wrap: wrap; min-height: 400px; background-image:url('https://cdn.hubblecontent.osi.office.net/m365content/publish/863b884c-6f93-443c-9615-744c35560cbc/thumbnails/xxlarge.jpg'); background-size: cover; background-position: center; color: white;\"&gt; &lt;div class=\"container\"&gt; &lt;div class=\"col-md-8 columnBlockLayout\" style=\"flex-grow: 1; display: flex; flex-direction: column; margin: 60px 0px; padding: 30px; background-color: rgba(0,0,0,0.5); border-radius: 8px;\"&gt; &lt;h1&gt;Streamlined Volunteer Scheduling&lt;/h1&gt; &lt;p&gt;Effortlessly coordinate volunteer activities and track hours with our intuitive schedule management system designed for nonprofits.&lt;/p&gt; &lt;button class=\"button1\" onclick=\"window.location.href='#register'\"&gt;Register to Volunteer&lt;/button&gt; &lt;/div&gt; &lt;/div&gt; &lt;/div&gt; &lt;div data-component-theme=\"portalThemeColor8\" class=\"row sectionBlockLayout\" style=\"display: flex; flex-wrap: wrap; min-height: auto;\"&gt; &lt;div class=\"container\"&gt; &lt;div class=\"col-md-6 columnBlockLayout\" style=\"flex-grow: 1; display: flex; flex-direction: column; margin: 30px 0px; padding: 30px;\"&gt; &lt;h2&gt;Manage Your Schedule&lt;/h2&gt; &lt;p&gt;View and update volunteer shifts easily. Our platform allows nonprofit coordinators to assign tasks and volunteers to their preferred time slots.&lt;/p&gt; &lt;button class=\"button1\" onclick=\"window.location.href='#schedule'\"&gt;View Schedule&lt;/button&gt; &lt;/div&gt; &lt;div class=\"col-md-6 columnBlockLayout\" style=\"flex-grow: 1; display: flex; flex-direction: column; margin: 30px 0px; padding: 30px;\"&gt; &lt;img src=\"https://cdn.hubblecontent.osi.office.net/m365content/publish/77fc0408-339d-4165-a2da-23bef42d587b/thumbnails/xxlarge.jpg\" alt=\"Volunteers planning schedule together\" style=\"width: 100%; height: auto; border-radius: 6px;\"&gt; &lt;/div&gt; &lt;/div&gt; &lt;/div&gt; &lt;div data-component-theme=\"portalThemeColor8\" class=\"row sectionBlockLayout\" style=\"display: flex; flex-wrap: wrap; min-height: auto;\"&gt; &lt;div class=\"container\"&gt; &lt;div class=\"col-md-6 columnBlockLayout\" style=\"flex-grow: 1; display: flex; flex-direction: column; margin: 30px 0px; padding: 30px;\"&gt; &lt;img src=\"https://cdn.hubblecontent.osi.office.net/m365content/publish/bdf98e1d-06f3-4fb6-b894-42b8cdc33e68/thumbnails/xxlarge.jpg\" alt=\"Volunteer tracking hours on laptop\" style=\"width: 100%; height: auto; border-radius: 6px;\"&gt; &lt;/div&gt; &lt;div class=\"col-md-6 columnBlockLayout\" style=\"flex-grow: 1; display: flex; flex-direction: column; margin: 30px 0px; padding: 30px;\"&gt; &lt;h2&gt;Track Volunteer Hours&lt;/h2&gt; &lt;p&gt;Keep accurate records of volunteer contributions to recognize efforts and improve reporting for your nonprofit organization.&lt;/p&gt; &lt;button class=\"button1\" onclick=\"window.location.href='#hours'\"&gt;Track Hours&lt;/button&gt; &lt;/div&gt; &lt;/div&gt; &lt;/div&gt; &lt;div data-component-theme=\"portalThemeColor8\" class=\"row sectionBlockLayout\" style=\"display: flex; flex-wrap: wrap; min-height: auto;\"&gt; &lt;div class=\"container\"&gt; &lt;div class=\"col-md-4 columnBlockLayout\" style=\"flex-grow: 1; display: flex; flex-direction: column; margin: 30px 0px; padding: 30px;\"&gt; &lt;img src=\"https://cdn.hubblecontent.osi.office.net/m365content/publish/8b9472b9-eac0-4b11-a3eb-0801d998843c/thumbnails/xxlarge.jpg\" alt=\"Smiling volunteer holding clipboard\" style=\"width: 100%; height: auto; border-radius: 6px;\"&gt; &lt;h3&gt;Easy Registration&lt;/h3&gt; &lt;p&gt;Simple sign-up process for volunteers to join and start contributing quickly.&lt;/p&gt; &lt;/div&gt; &lt;div class=\"col-md-4 columnBlockLayout\" style=\"flex-grow: 1; display: flex; flex-direction: column; margin: 30px 0px; padding: 30px;\"&gt; &lt;img src=\"https://cdn.hubblecontent.osi.office.net/m365content/publish/745d3481-fc6a-41e7-a866-9477f543d3db/thumbnails/xxlarge.jpg\" alt=\"Calendar showing volunteer shifts\" style=\"width: 100%; height: auto; border-radius: 6px;\"&gt; &lt;h3&gt;Flexible Scheduling&lt;/h3&gt; &lt;p&gt;Volunteers can select shifts that fit their availability, making participation easier.&lt;/p&gt; &lt;/div&gt; &lt;div class=\"col-md-4 columnBlockLayout\" style=\"flex-grow: 1; display: flex; flex-direction: column; margin: 30px 0px; padding: 30px;\"&gt; &lt;img src=\"https://cdn.hubblecontent.osi.office.net/m365content/publish/72256008-6b6e-49f5-909c-de4cd4a6e3d5/thumbnails/xxlarge.jpg\" alt=\"Nonprofit team celebrating success\" style=\"width: 100%; height: auto; border-radius: 6px;\"&gt; &lt;h3&gt;Impact Reporting&lt;/h3&gt; &lt;p&gt;Generate reports to showcase volunteer impact and improve organizational transparency.&lt;/p&gt; &lt;/div&gt; &lt;/div&gt; &lt;/div&gt;","enablerating":false,"enabletracking":false,"excludefromsearch":false,"hiddenfromsitemap":false,"sharedpageconfiguration":false,"isroot":false,"rootwebpageid":"d049c553-d0f5-41e5-be12-165c4fd365f5","pagetemplateid":"fcf5ec1d-4cfb-467f-bd7e-a651e21d746a","partialurl":"schedule-management","publishingstateid":"1589dabf-bf85-4034-8ce0-c0698ce2a3d2","parentpageid":"18e6874d-16b0-4a03-945d-0ea062afeb92"}</content>
  <iscustomizable>1</iscustomizable>
  <name>Schedule Management</name>
  <powerpagecomponenttype>2</powerpagecomponenttype>
  <powerpagesiteid>
    <powerpagesiteid>386572a3-b470-469b-8132-7fe4ee2489fd</powerpagesiteid>
  </powerpagesiteid>
  <powerpagesitelanguageid>
    <powerpagesitelanguageid>17f8667b-8ee5-4070-bf4b-6e4b04586c01</powerpagesitelanguageid>
  </powerpagesitelanguageid>
  <searchcontent>&lt;div data-component-theme="portalThemeColor8" class="row sectionBlockLayout" style="display: flex; flex-wrap: wrap; min-height: 400px; background-image:url('https://cdn.hubblecontent.osi.office.net/m365content/publish/863b884c-6f93-443c-9615-744c35560cbc/thumbnails/xxlarge.jpg'); background-size: cover; background-position: center; color: white;"&gt; &lt;div class="container"&gt; &lt;div class="col-md-8 columnBlockLayout" style="flex-grow: 1; display: flex; flex-direction: column; margin: 60px 0px; padding: 30px; background-color: rgba(0,0,0,0.5); border-radius: 8px;"&gt; &lt;h1&gt;Streamlined Volunteer Scheduling&lt;/h1&gt; &lt;p&gt;Effortlessly coordinate volunteer activities and track hours with our intuitive schedule management system designed for nonprofits.&lt;/p&gt; &lt;button class="button1" onclick="window.location.href='#register'"&gt;Register to Volunteer&lt;/button&gt; &lt;/div&gt; &lt;/div&gt; &lt;/div&gt; &lt;div data-component-theme="portalThemeColor8" class="row sectionBlockLayout" style="display: flex; flex-wrap: wrap; min-height: auto;"&gt; &lt;div class="container"&gt; &lt;div class="col-md-6 columnBlockLayout" style="flex-grow: 1; display: flex; flex-direction: column; margin: 30px 0px; padding: 30px;"&gt; &lt;h2&gt;Manage Your Schedule&lt;/h2&gt; &lt;p&gt;View and update volunteer shifts easily. Our platform allows nonprofit coordinators to assign tasks and volunteers to their preferred time slots.&lt;/p&gt; &lt;button class="button1" onclick="window.location.href='#schedule'"&gt;View Schedule&lt;/button&gt; &lt;/div&gt; &lt;div class="col-md-6 columnBlockLayout" style="flex-grow: 1; display: flex; flex-direction: column; margin: 30px 0px; padding: 30px;"&gt; &lt;img src="https://cdn.hubblecontent.osi.office.net/m365content/publish/77fc0408-339d-4165-a2da-23bef42d587b/thumbnails/xxlarge.jpg" alt="Volunteers planning schedule together" style="width: 100%; height: auto; border-radius: 6px;"&gt; &lt;/div&gt; &lt;/div&gt; &lt;/div&gt; &lt;div data-component-theme="portalThemeColor8" class="row sectionBlockLayout" style="display: flex; flex-wrap: wrap; min-height: auto;"&gt; &lt;div class="container"&gt; &lt;div class="col-md-6 columnBlockLayout" style="flex-grow: 1; display: flex; flex-direction: column; margin: 30px 0px; padding: 30px;"&gt; &lt;img src="https://cdn.hubblecontent.osi.office.net/m365content/publish/bdf98e1d-06f3-4fb6-b894-42b8cdc33e68/thumbnails/xxlarge.jpg" alt="Volunteer tracking hours on laptop" style="width: 100%; height: auto; border-radius: 6px;"&gt; &lt;/div&gt; &lt;div class="col-md-6 columnBlockLayout" style="flex-grow: 1; display: flex; flex-direction: column; margin: 30px 0px; padding: 30px;"&gt; &lt;h2&gt;Track Volunteer Hours&lt;/h2&gt; &lt;p&gt;Keep accurate records of volunteer contributions to recognize efforts and improve reporting for your nonprofit organization.&lt;/p&gt; &lt;button class="button1" onclick="window.location.href='#hours'"&gt;Track Hours&lt;/button&gt; &lt;/div&gt; &lt;/div&gt; &lt;/div&gt; &lt;div data-component-theme="portalThemeColor8" class="row sectionBlockLayout" style="display: flex; flex-wrap: wrap; min-height: auto;"&gt; &lt;div class="container"&gt; &lt;div class="col-md-4 columnBlockLayout" style="flex-grow: 1; display: flex; flex-direction: column; margin: 30px 0px; padding: 30px;"&gt; &lt;img src="https://cdn.hubblecontent.osi.office.net/m365content/publish/8b9472b9-eac0-4b11-a3eb-0801d998843c/thumbnails/xxlarge.jpg" alt="Smiling volunteer holding clipboard" style="width: 100%; height: auto; border-radius: 6px;"&gt; &lt;h3&gt;Easy Registration&lt;/h3&gt; &lt;p&gt;Simple sign-up process for volunteers to join and start contributing quickly.&lt;/p&gt; &lt;/div&gt; &lt;div class="col-md-4 columnBlockLayout" style="flex-grow: 1; display: flex; flex-direction: column; margin: 30px 0px; padding: 30px;"&gt; &lt;img src="https://cdn.hubblecontent.osi.office.net/m365content/publish/745d3481-fc6a-41e7-a866-9477f543d3db/thumbnails/xxlarge.jpg" alt="Calendar showing volunteer shifts" style="width: 100%; height: auto; border-radius: 6px;"&gt; &lt;h3&gt;Flexible Scheduling&lt;/h3&gt; &lt;p&gt;Volunteers can select shifts that fit their availability, making participation easier.&lt;/p&gt; &lt;/div&gt; &lt;div class="col-md-4 columnBlockLayout" style="flex-grow: 1; display: flex; flex-direction: column; margin: 30px 0px; padding: 30px;"&gt; &lt;img src="https://cdn.hubblecontent.osi.office.net/m365content/publish/72256008-6b6e-49f5-909c-de4cd4a6e3d5/thumbnails/xxlarge.jpg" alt="Nonprofit team celebrating success" style="width: 100%; height: auto; border-radius: 6px;"&gt; &lt;h3&gt;Impact Reporting&lt;/h3&gt; &lt;p&gt;Generate reports to showcase volunteer impact and improve organizational transparency.&lt;/p&gt; &lt;/div&gt; &lt;/div&gt; &lt;/div&gt;Schedule Management</searchcontent>
  <statecode>0</statecode>
  <statuscode>1</statuscode>
</powerpagecomponent>