<powerpagecomponent powerpagecomponentid="d0906d8a-572e-4725-990b-00e998283e49">
  <content>{"importsequencenumber":3,"value":"true"}</content>
  <iscustomizable>1</iscustomizable>
  <name>Authentication/Registration/OpenRegistrationEnabled</name>
  <powerpagecomponenttype>9</powerpagecomponenttype>
  <powerpagesiteid>
    <powerpagesiteid>386572a3-b470-469b-8132-7fe4ee2489fd</powerpagesiteid>
  </powerpagesiteid>
  <statecode>0</statecode>
  <statuscode>1</statuscode>
</powerpagecomponent>