<powerpagecomponent powerpagecomponentid="1be20f47-f693-4aa0-9132-77f9665bfe8e">
  <content>{"enabletracking":false,"excludefromsearch":false,"hiddenfromsitemap":false,"parentpageid":"18e6874d-16b0-4a03-945d-0ea062afeb92","partialurl":"Logo-sm-64.png","publishingstateid":"1589dabf-bf85-4034-8ce0-c0698ce2a3d2"}</content>
  <filecontent mimetype="image/png">Logo-sm-64.png</filecontent>
  <iscustomizable>1</iscustomizable>
  <name>Logo-sm-64.png</name>
  <powerpagecomponenttype>3</powerpagecomponenttype>
  <powerpagesiteid>
    <powerpagesiteid>386572a3-b470-469b-8132-7fe4ee2489fd</powerpagesiteid>
  </powerpagesiteid>
  <statecode>0</statecode>
  <statuscode>1</statuscode>
</powerpagecomponent>