<powerpagecomponent powerpagecomponentid="486d2121-c0aa-4fac-b284-5a88633211be">
  <content>{"displayorder":2,"enabletracking":false,"excludefromsearch":true,"hiddenfromsitemap":false,"parentpageid":"18e6874d-16b0-4a03-945d-0ea062afeb92","partialurl":"theme.css","publishingstateid":"1589dabf-bf85-4034-8ce0-c0698ce2a3d2"}</content>
  <filecontent mimetype="text/css">theme.css</filecontent>
  <iscustomizable>1</iscustomizable>
  <name>theme.css</name>
  <powerpagecomponenttype>3</powerpagecomponenttype>
  <powerpagesiteid>
    <powerpagesiteid>386572a3-b470-469b-8132-7fe4ee2489fd</powerpagesiteid>
  </powerpagesiteid>
  <statecode>0</statecode>
  <statuscode>1</statuscode>
</powerpagecomponent>