<powerpagecomponent powerpagecomponentid="c1e85e08-141d-43d4-9d88-224260d3975f">
  <content>{"copy":"&lt;p&gt;Please provide some information about yourself.&lt;/p&gt;\r\n\r\n&lt;p&gt;The &lt;strong&gt;First Name&lt;/strong&gt; and &lt;strong&gt;Last Name &lt;/strong&gt;you provide will be displayed alongside any comments, forum posts, or ideas you make on the site.&lt;/p&gt;\r\n\r\n&lt;p&gt;The &lt;strong&gt;Email Address&lt;/strong&gt; and &lt;strong&gt;Phone&lt;/strong&gt; number will not be displayed on the site.&lt;/p&gt;\r\n\r\n&lt;p&gt;Your &lt;strong&gt;Organization&lt;/strong&gt; and &lt;strong&gt;Title&lt;/strong&gt; are optional. They will be displayed with your comments and forum posts.&lt;/p&gt;\r\n","enablerating":false,"enabletracking":false,"excludefromsearch":false,"hiddenfromsitemap":true,"isroot":false,"pagetemplateid":"9f216ada-49b2-4944-bcfc-6e43d541555e","parentpageid":"18e6874d-16b0-4a03-945d-0ea062afeb92","partialurl":"profile","publishingstateid":"1589dabf-bf85-4034-8ce0-c0698ce2a3d2","rootwebpageid":"d6499f6a-1d3e-400c-8427-c96a775d4655","sharedpageconfiguration":false,"title":"Profile"}</content>
  <iscustomizable>1</iscustomizable>
  <name>Profile</name>
  <powerpagecomponenttype>2</powerpagecomponenttype>
  <powerpagesiteid>
    <powerpagesiteid>386572a3-b470-469b-8132-7fe4ee2489fd</powerpagesiteid>
  </powerpagesiteid>
  <powerpagesitelanguageid>
    <powerpagesitelanguageid>17f8667b-8ee5-4070-bf4b-6e4b04586c01</powerpagesitelanguageid>
  </powerpagesitelanguageid>
  <searchcontent>Profile&lt;p&gt;Please provide some information about yourself.&lt;/p&gt;

&lt;p&gt;The &lt;strong&gt;First Name&lt;/strong&gt; and &lt;strong&gt;Last Name &lt;/strong&gt;you provide will be displayed alongside any comments, forum posts, or ideas you make on the site.&lt;/p&gt;

&lt;p&gt;The &lt;strong&gt;Email Address&lt;/strong&gt; and &lt;strong&gt;Phone&lt;/strong&gt; number will not be displayed on the site.&lt;/p&gt;

&lt;p&gt;Your &lt;strong&gt;Organization&lt;/strong&gt; and &lt;strong&gt;Title&lt;/strong&gt; are optional. They will be displayed with your comments and forum posts.&lt;/p&gt;
Profile</searchcontent>
  <statecode>0</statecode>
  <statuscode>1</statuscode>
</powerpagecomponent>