<powerpagecomponent powerpagecomponentid="f04cd8cb-bdb0-475d-8450-6952fc9012dd">
  <content>{"source":"&lt;footer role='contentinfo' class='footer'&gt;\r\n  &lt;div class='footer-bottom hidden-print'&gt;\r\n    &lt;div class='container'&gt;\r\n      &lt;div class='row'&gt;\r\n        &lt;div class='col-md-9 col-sm-9 col-xs-9 text-left'&gt;\r\n          {% editable snippets 'Footer' type: 'html' %}\r\n        &lt;/div&gt;\r\n        &lt;div id='accessibilityLinkContainer' class='col-md-3 col-sm-3 col-xs-3 text-right'&gt;&lt;/div&gt;\r\n      &lt;/div&gt;\r\n    &lt;/div&gt;\r\n  &lt;/div&gt;\r\n&lt;/footer&gt;\r\n\r\n&lt;script type='text/javascript'&gt;\r\n  window.onload = function () {\r\n    const accessibilityLinkContainer = document.getElementById('accessibilityLinkContainer');\r\n    switch (window.navigator.language) {\r\n      case 'fr':\r\n        if (accessibilityLinkContainer != null) {\r\n          const accessibilityText = 'Accessibilité : partiellement conforme';\r\n          const frenchAccessibilityAnchor = document.createElement('a');\r\n          frenchAccessibilityAnchor.id = 'frenchAccesssibleLink';\r\n          frenchAccessibilityAnchor.target = '_blank';\r\n          frenchAccessibilityAnchor.href = 'https://go.microsoft.com/fwlink/?linkid=2163806';\r\n          frenchAccessibilityAnchor.title = accessibilityText;\r\n          frenchAccessibilityAnchor.innerText = accessibilityText;\r\n          accessibilityLinkContainer.appendChild(frenchAccessibilityAnchor);\r\n        }\r\n        break;\r\n      case 'it':\r\n        if (accessibilityLinkContainer != null) {\r\n          const accessibilityText = 'Accessibilità: parzialmente conforme';\r\n          const italianAccessibilityAnchor = document.createElement('a');\r\n          italianAccessibilityAnchor.id = 'italianAccesssibleLink';\r\n          italianAccessibilityAnchor.target = '_blank';\r\n          italianAccessibilityAnchor.href = 'https://go.microsoft.com/fwlink/?linkid=2208177';\r\n          italianAccessibilityAnchor.title = accessibilityText;\r\n          italianAccessibilityAnchor.innerText = accessibilityText;\r\n          accessibilityLinkContainer.appendChild(italianAccessibilityAnchor);\r\n        }\r\n        break;\r\n      default:\r\n        accessibilityLinkContainer.remove();\r\n    }\r\n  };\r\n&lt;/script&gt;\r\n"}</content>
  <iscustomizable>1</iscustomizable>
  <name>Footer</name>
  <powerpagecomponenttype>8</powerpagecomponenttype>
  <powerpagesiteid>
    <powerpagesiteid>386572a3-b470-469b-8132-7fe4ee2489fd</powerpagesiteid>
  </powerpagesiteid>
  <statecode>0</statecode>
  <statuscode>1</statuscode>
</powerpagecomponent>