<powerpagecomponent powerpagecomponentid="56152e4c-d81b-42ab-a58e-38c27e470757">
  <content>{"display_name":"Logo URL","value":"/Logo-sm-64.png\r\n"}</content>
  <iscustomizable>1</iscustomizable>
  <name>Logo URL</name>
  <powerpagecomponenttype>7</powerpagecomponenttype>
  <powerpagesiteid>
    <powerpagesiteid>386572a3-b470-469b-8132-7fe4ee2489fd</powerpagesiteid>
  </powerpagesiteid>
  <powerpagesitelanguageid>
    <powerpagesitelanguageid>17f8667b-8ee5-4070-bf4b-6e4b04586c01</powerpagesitelanguageid>
  </powerpagesitelanguageid>
  <statecode>0</statecode>
  <statuscode>1</statuscode>
</powerpagecomponent>