<powerpagecomponent powerpagecomponentid="8f3f6f32-7498-413a-b67f-46fc32aba94d">
  <content>{"value":"{\"status\":\"enable\",\"selectedThemeId\":\"329a43fa-5471-4678-8330-d3a0b404e9bb\",\"siteSettingId\":\"8f3f6f32-7498-413a-b67f-46fc32aba94d\",\"version\":\"V2\"}"}</content>
  <iscustomizable>1</iscustomizable>
  <name>ThemeFeature</name>
  <powerpagecomponenttype>9</powerpagecomponenttype>
  <powerpagesiteid>
    <powerpagesiteid>386572a3-b470-469b-8132-7fe4ee2489fd</powerpagesiteid>
  </powerpagesiteid>
  <statecode>0</statecode>
  <statuscode>1</statuscode>
</powerpagecomponent>