<powerpagecomponent powerpagecomponentid="685f6941-0ecc-4943-bbcc-07bfdfd7d15e">
  <content>{"adx_webpageaccesscontrolrule_webrole":["33153d09-adca-479a-8a05-a00fad1a0425"],"right":1,"webpageid":"18e6874d-16b0-4a03-945d-0ea062afeb92"}</content>
  <iscustomizable>1</iscustomizable>
  <name>Grant Change to Administrators</name>
  <powerpagecomponenttype>10</powerpagecomponenttype>
  <powerpagesiteid>
    <powerpagesiteid>386572a3-b470-469b-8132-7fe4ee2489fd</powerpagesiteid>
  </powerpagesiteid>
  <statecode>0</statecode>
  <statuscode>1</statuscode>
</powerpagecomponent>