<powerpagecomponent powerpagecomponentid="d049c553-d0f5-41e5-be12-165c4fd365f5">
  <content>{"displayorder":3,"enablerating":false,"enabletracking":false,"excludefromsearch":false,"hiddenfromsitemap":false,"sharedpageconfiguration":false,"isroot":true,"feedbackpolicy":756150005,"pagetemplateid":"fcf5ec1d-4cfb-467f-bd7e-a651e21d746a","partialurl":"schedule-management","publishingstateid":"1589dabf-bf85-4034-8ce0-c0698ce2a3d2","parentpageid":"18e6874d-16b0-4a03-945d-0ea062afeb92"}</content>
  <iscustomizable>1</iscustomizable>
  <name>Schedule Management</name>
  <powerpagecomponenttype>2</powerpagecomponenttype>
  <powerpagesiteid>
    <powerpagesiteid>386572a3-b470-469b-8132-7fe4ee2489fd</powerpagesiteid>
  </powerpagesiteid>
  <searchcontent>Schedule Management</searchcontent>
  <statecode>0</statecode>
  <statuscode>1</statuscode>
</powerpagecomponent>