{
  "properties": {
    "connectionReferences": {
      "shared_msnweather-1": {
        "runtimeSource": "embedded",
        "connection": {
          "connectionReferenceLogicalName": "new_sharedmsnweather_4d3b7"
        },
        "api": {
          "name": "shared_msnweather"
        }
      },
      "shared_commondataserviceforapps-1": {
        "runtimeSource": "embedded",
        "connection": {
          "connectionReferenceLogicalName": "new_sharedcommondataserviceforapps_e4811"
        },
        "api": {
          "name": "shared_commondataserviceforapps"
        }
      }
    },
    "definition": {
      "$schema": "https://schema.management.azure.com/providers/Microsoft.Logic/schemas/2016-06-01/workflowdefinition.json#",
      "contentVersion": "1.0.0.0",
      "parameters": {
        "$connections": {
          "defaultValue": {},
          "type": "Object"
        },
        "$authentication": {
          "defaultValue": {},
          "type": "SecureObject"
        }
      },
      "triggers": {
        "When_a_Shift_is_created": {
          "metadata": {
            "operationMetadataId": "e6f9b7c8-c314-4de9-8048-b206a29e8044"
          },
          "type": "OpenApiConnectionWebhook",
          "inputs": {
            "host": {
              "connectionName": "shared_commondataserviceforapps-1",
              "operationId": "SubscribeWebhookTrigger",
              "apiId": "/providers/Microsoft.PowerApps/apis/shared_commondataserviceforapps"
            },
            "parameters": {
              "subscriptionRequest/message": 1,
              "subscriptionRequest/entityname": "pl900_shift",
              "subscriptionRequest/scope": 4,
              "subscriptionRequest/filterexpression": "statecode eq 0"
            },
            "authentication": "@parameters('$authentication')"
          }
        }
      },
      "actions": {
        "Get_forecast_for_today": {
          "runAfter": {},
          "metadata": {
            "operationMetadataId": "83aa450e-4e5c-4866-9112-ce2652287898"
          },
          "type": "OpenApiConnection",
          "inputs": {
            "host": {
              "connectionName": "shared_msnweather-1",
              "operationId": "TodaysForecast",
              "apiId": "/providers/Microsoft.PowerApps/apis/shared_msnweather"
            },
            "parameters": {
              "Location": "Las Vegas",
              "units": "C"
            },
            "authentication": "@parameters('$authentication')"
          }
        },
        "Update_weather_on_new_Shift": {
          "runAfter": {
            "Get_forecast_for_today": [
              "Succeeded"
            ]
          },
          "metadata": {
            "operationMetadataId": "0b093fb3-3a6b-4e93-b1e8-21425a50e045"
          },
          "type": "OpenApiConnection",
          "inputs": {
            "host": {
              "connectionName": "shared_commondataserviceforapps-1",
              "operationId": "UpdateRecord",
              "apiId": "/providers/Microsoft.PowerApps/apis/shared_commondataserviceforapps"
            },
            "parameters": {
              "entityName": "pl900_shifts",
              "recordId": "@triggerOutputs()?['body/pl900_shiftid']",
              "item/pl900_description": "@outputs('Get_forecast_for_today')?['body/responses/daily/pvdrCap']"
            },
            "authentication": "@parameters('$authentication')"
          }
        }
      },
      "outputs": {}
    },
    "templateName": "78720f54e49444d0bd456477288a7ef7"
  },
  "schemaVersion": "1.0.0.0"
}