<powerpagecomponent powerpagecomponentid="64405d16-903e-4ddd-add0-c20c9a7b3723">
  <content>{
  "entityname": "Active Shifts",
  "entitylogicalname": "pl900_shift",
  "scope": 756150000,
  "append": false,
  "appendto": false,
  "delete": false,
  "read": true,
  "create": false,
  "write": false,
  "parentrelationship": null,
  "parententitypermission": null,
  "contactrelationship": null,
  "accountrelationship": null,
  "childTablePermissions": [],
  "adx_entitypermission_webrole": [
    "7e63f9ed-330e-4500-acd2-6ee612edb08c",
    "dcfb9c16-e844-482a-a23c-a39bf1404f9d"
  ]
}</content>
  <iscustomizable>1</iscustomizable>
  <name>Active Shifts</name>
  <powerpagecomponenttype>18</powerpagecomponenttype>
  <powerpagesiteid>
    <powerpagesiteid>386572a3-b470-469b-8132-7fe4ee2489fd</powerpagesiteid>
  </powerpagesiteid>
  <statecode>0</statecode>
  <statuscode>1</statuscode>
</powerpagecomponent>