<powerpagecomponent powerpagecomponentid="5f3a5f9c-ae92-4e48-85ad-205c537c70ec">
  <content>{"source":"{% assign title = title | default: page.title %}\r\n\r\n&lt;ul class='breadcrumb'&gt;\r\n  {% for crumb in page.breadcrumbs -%}\r\n    &lt;li&gt;\r\n      &lt;a href='{{ crumb.url | h }}' title='{{ crumb.title | h }}'&gt;{{ crumb.title | truncate: 24 | h }}&lt;/a&gt;\r\n    &lt;/li&gt;\r\n  {% endfor -%}\r\n  &lt;li class='active'&gt;\r\n    {% block activebreadcrumb -%}\r\n    {{- title | h -}}\r\n    {%- endblock %}\r\n  &lt;/li&gt;\r\n&lt;/ul&gt;\r\n"}</content>
  <iscustomizable>1</iscustomizable>
  <name>Breadcrumbs</name>
  <powerpagecomponenttype>8</powerpagecomponenttype>
  <powerpagesiteid>
    <powerpagesiteid>386572a3-b470-469b-8132-7fe4ee2489fd</powerpagesiteid>
  </powerpagesiteid>
  <statecode>0</statecode>
  <statuscode>1</statuscode>
</powerpagecomponent>