<powerpagecomponent powerpagecomponentid="7427c80d-86af-4de0-a88f-f395a2c49f89">
  <content>{"copy":"&lt;div class='row sectionBlockLayout' style='display: flex; flex-wrap: wrap; min-height: 50px; background: var(--portalThemeColor2);'&gt;&lt;/div&gt;\r\n&lt;div class='row sectionBlockLayout' style='display: flex; flex-wrap: wrap; min-height: 50px; background: var(--portalThemeColor6);'&gt;&lt;/div&gt;\r\n&lt;div class='row sectionBlockLayout' style='display: flex; flex-wrap: wrap; text-align: left; min-height: 374px;'&gt;\r\n  &lt;div class='container' style='padding: 0px; display: flex; flex-wrap: wrap;'&gt;\r\n    &lt;div class='col-md-12 columnBlockLayout' style='flex-grow: 1; display: flex; flex-direction: column; min-width: 300px; padding: 16px;'&gt;\r\n      &lt;img src='/Cat-PC.png' alt='' name='Cat-PC.png' style='width: 200px; height: 161px; margin-left: auto; margin-right: auto;'&gt;\r\n      &lt;h2 style='text-align: center; color: var(--portalThemeColor9);'&gt;You don’t have access to this&lt;/h2&gt;\r\n      &lt;p style='text-align: center; color: var(--portalThemeColor8);'&gt;Check your credentials or ask your admin to request access&lt;/p&gt;\r\n    &lt;/div&gt;\r\n  &lt;/div&gt;\r\n&lt;/div&gt;\r\n&lt;div class='row sectionBlockLayout' style='display: flex; flex-wrap: wrap; min-height: 315px; background: var(--portalThemeColor1);'&gt;&lt;/div&gt;\r\n","enablerating":false,"enabletracking":false,"excludefromsearch":true,"hiddenfromsitemap":true,"isroot":false,"pagetemplateid":"fcf5ec1d-4cfb-467f-bd7e-a651e21d746a","parentpageid":"18e6874d-16b0-4a03-945d-0ea062afeb92","partialurl":"access-denied","publishingstateid":"1589dabf-bf85-4034-8ce0-c0698ce2a3d2","rootwebpageid":"da2bf546-d33a-4d32-b0c4-4ff3255f24ab","sharedpageconfiguration":false}</content>
  <iscustomizable>1</iscustomizable>
  <name>Access Denied</name>
  <powerpagecomponenttype>2</powerpagecomponenttype>
  <powerpagesiteid>
    <powerpagesiteid>386572a3-b470-469b-8132-7fe4ee2489fd</powerpagesiteid>
  </powerpagesiteid>
  <powerpagesitelanguageid>
    <powerpagesitelanguageid>17f8667b-8ee5-4070-bf4b-6e4b04586c01</powerpagesitelanguageid>
  </powerpagesitelanguageid>
  <searchcontent>&lt;div class='row sectionBlockLayout' style='display: flex; flex-wrap: wrap; min-height: 50px; background: var(--portalThemeColor2);'&gt;&lt;/div&gt;
&lt;div class='row sectionBlockLayout' style='display: flex; flex-wrap: wrap; min-height: 50px; background: var(--portalThemeColor6);'&gt;&lt;/div&gt;
&lt;div class='row sectionBlockLayout' style='display: flex; flex-wrap: wrap; text-align: left; min-height: 374px;'&gt;
  &lt;div class='container' style='padding: 0px; display: flex; flex-wrap: wrap;'&gt;
    &lt;div class='col-md-12 columnBlockLayout' style='flex-grow: 1; display: flex; flex-direction: column; min-width: 300px; padding: 16px;'&gt;
      &lt;img src='/Cat-PC.png' alt='' name='Cat-PC.png' style='width: 200px; height: 161px; margin-left: auto; margin-right: auto;'&gt;
      &lt;h2 style='text-align: center; color: var(--portalThemeColor9);'&gt;You don’t have access to this&lt;/h2&gt;
      &lt;p style='text-align: center; color: var(--portalThemeColor8);'&gt;Check your credentials or ask your admin to request access&lt;/p&gt;
    &lt;/div&gt;
  &lt;/div&gt;
&lt;/div&gt;
&lt;div class='row sectionBlockLayout' style='display: flex; flex-wrap: wrap; min-height: 315px; background: var(--portalThemeColor1);'&gt;&lt;/div&gt;
Access Denied</searchcontent>
  <statecode>0</statecode>
  <statuscode>1</statuscode>
</powerpagecomponent>