<powerpagecomponent powerpagecomponentid="4495554f-97b9-4d0a-9e83-cba4cc2f8218">
  <content>{"enablerating":false,"enabletracking":false,"excludefromsearch":false,"hiddenfromsitemap":true,"isroot":true,"pagetemplateid":"b4a40d37-3f51-4af9-a678-9d9b81b81a4b","parentpageid":"18e6874d-16b0-4a03-945d-0ea062afeb92","partialurl":"search","publishingstateid":"1589dabf-bf85-4034-8ce0-c0698ce2a3d2","sharedpageconfiguration":false}</content>
  <iscustomizable>1</iscustomizable>
  <name>Search</name>
  <powerpagecomponenttype>2</powerpagecomponenttype>
  <powerpagesiteid>
    <powerpagesiteid>386572a3-b470-469b-8132-7fe4ee2489fd</powerpagesiteid>
  </powerpagesiteid>
  <searchcontent>Search</searchcontent>
  <statecode>0</statecode>
  <statuscode>1</statuscode>
</powerpagecomponent>