<powerpagecomponent powerpagecomponentid="c61b6040-96c1-4d4a-9736-a95834a8293d">
  <content>{"enablerating":false,"enabletracking":false,"excludefromsearch":false,"hiddenfromsitemap":true,"isroot":false,"pagetemplateid":"b4a40d37-3f51-4af9-a678-9d9b81b81a4b","parentpageid":"18e6874d-16b0-4a03-945d-0ea062afeb92","partialurl":"search","publishingstateid":"1589dabf-bf85-4034-8ce0-c0698ce2a3d2","rootwebpageid":"4495554f-97b9-4d0a-9e83-cba4cc2f8218","sharedpageconfiguration":false}</content>
  <iscustomizable>1</iscustomizable>
  <name>Search</name>
  <powerpagecomponenttype>2</powerpagecomponenttype>
  <powerpagesiteid>
    <powerpagesiteid>386572a3-b470-469b-8132-7fe4ee2489fd</powerpagesiteid>
  </powerpagesiteid>
  <powerpagesitelanguageid>
    <powerpagesitelanguageid>17f8667b-8ee5-4070-bf4b-6e4b04586c01</powerpagesitelanguageid>
  </powerpagesitelanguageid>
  <searchcontent>Search</searchcontent>
  <statecode>0</statecode>
  <statuscode>1</statuscode>
</powerpagecomponent>