<powerpagecomponent powerpagecomponentid="fc66ef36-2811-4884-88e5-2caea2481c64">
  <content>{"description":"Site setting that determines if the language code is included in the portal URL.","value":"False"}</content>
  <iscustomizable>1</iscustomizable>
  <name>MultiLanguage/DisplayLanguageCodeInURL</name>
  <powerpagecomponenttype>9</powerpagecomponenttype>
  <powerpagesiteid>
    <powerpagesiteid>386572a3-b470-469b-8132-7fe4ee2489fd</powerpagesiteid>
  </powerpagesiteid>
  <statecode>0</statecode>
  <statuscode>1</statuscode>
</powerpagecomponent>