<powerpagecomponent powerpagecomponentid="aab1c381-7266-4698-9eb6-ca11cb8609bf">
  <content>{"source":"&lt;div class='page-copy'&gt;\r\n  {% editable page 'adx_copy' type: 'html', liquid: true %}\r\n&lt;/div&gt;\r\n"}</content>
  <iscustomizable>1</iscustomizable>
  <name>Page Copy</name>
  <powerpagecomponenttype>8</powerpagecomponenttype>
  <powerpagesiteid>
    <powerpagesiteid>386572a3-b470-469b-8132-7fe4ee2489fd</powerpagesiteid>
  </powerpagesiteid>
  <statecode>0</statecode>
  <statuscode>1</statuscode>
</powerpagecomponent>