<powerpagecomponent powerpagecomponentid="b277d788-1b46-1833-2b29-8a70fb57d535">
  <content>{
  "displayorder": 4,
  "weblinksetid": "cd90aabb-60ff-4302-8150-b165df168555",
  "pageid": "a9f3e3f0-4c06-d3bb-bbab-acdaa2344baf",
  "publishingstateid": "1589dabf-bf85-4034-8ce0-c0698ce2a3d2",
  "displaypagevalidation": false,
  "displayimageonly": false,
  "displaypagechildlinks": false,
  "openinnewwindow": false,
  "robotsfollowlink": true
}</content>
  <iscustomizable>1</iscustomizable>
  <name>Shifts</name>
  <powerpagecomponenttype>5</powerpagecomponenttype>
  <powerpagesiteid>
    <powerpagesiteid>386572a3-b470-469b-8132-7fe4ee2489fd</powerpagesiteid>
  </powerpagesiteid>
  <statecode>0</statecode>
  <statuscode>1</statuscode>
</powerpagecomponent>