<powerpagesitelanguages>
  <powerpagesitelanguage powerpagesitelanguageid="17f8667b-8ee5-4070-bf4b-6e4b04586c01">
    <content>{"publishingstate":"1589dabf-bf85-4034-8ce0-c0698ce2a3d2","systemlanguage":1033}</content>
    <displayname>English</displayname>
    <iscustomizable>1</iscustomizable>
    <languagecode>en-US</languagecode>
    <lcid>1033</lcid>
    <name>English</name>
    <powerpagesiteid>
      <powerpagesiteid>386572a3-b470-469b-8132-7fe4ee2489fd</powerpagesiteid>
    </powerpagesiteid>
    <statecode>0</statecode>
    <statuscode>1</statuscode>
  </powerpagesitelanguage>
</powerpagesitelanguages>