<powerpagesites>
  <powerpagesite powerpagesiteid="386572a3-b470-469b-8132-7fe4ee2489fd">
    <content>{"defaultlanguage":"17f8667b-8ee5-4070-bf4b-6e4b04586c01","footerwebtemplateid":"f04cd8cb-bdb0-475d-8450-6952fc9012dd","headerwebtemplateid":"4a35ef67-aa11-4deb-b01d-13f777100667","website_language":1033}</content>
    <datamodelversion>2.0</datamodelversion>
    <iscustomizable>1</iscustomizable>
    <name>Volunteer Hub</name>
    <statecode>0</statecode>
    <statuscode>1</statuscode>
  </powerpagesite>
</powerpagesites>