<powerpagecomponent powerpagecomponentid="810e6f1c-07f9-4004-bfcc-4ebfac1841fa">
  <content>{"importsequencenumber":3,"value":"true"}</content>
  <iscustomizable>1</iscustomizable>
  <name>Authentication/Registration/EmailConfirmationEnabled</name>
  <powerpagecomponenttype>9</powerpagecomponenttype>
  <powerpagesiteid>
    <powerpagesiteid>386572a3-b470-469b-8132-7fe4ee2489fd</powerpagesiteid>
  </powerpagesiteid>
  <statecode>0</statecode>
  <statuscode>1</statuscode>
</powerpagecomponent>