<powerpagecomponent powerpagecomponentid="33ea9797-2ea7-4247-a123-1076addcc07d">
  <content>{"displayorder":2,"enablerating":false,"enabletracking":false,"excludefromsearch":false,"hiddenfromsitemap":false,"sharedpageconfiguration":false,"isroot":true,"feedbackpolicy":756150005,"pagetemplateid":"fcf5ec1d-4cfb-467f-bd7e-a651e21d746a","partialurl":"about-us","publishingstateid":"1589dabf-bf85-4034-8ce0-c0698ce2a3d2","parentpageid":"18e6874d-16b0-4a03-945d-0ea062afeb92"}</content>
  <iscustomizable>1</iscustomizable>
  <name>About Us</name>
  <powerpagecomponenttype>2</powerpagecomponenttype>
  <powerpagesiteid>
    <powerpagesiteid>386572a3-b470-469b-8132-7fe4ee2489fd</powerpagesiteid>
  </powerpagesiteid>
  <searchcontent>About Us</searchcontent>
  <statecode>0</statecode>
  <statuscode>1</statuscode>
</powerpagecomponent>