<powerpagecomponent powerpagecomponentid="da2bf546-d33a-4d32-b0c4-4ff3255f24ab">
  <content>{"enablerating":false,"enabletracking":false,"excludefromsearch":true,"hiddenfromsitemap":true,"isroot":true,"pagetemplateid":"fcf5ec1d-4cfb-467f-bd7e-a651e21d746a","parentpageid":"18e6874d-16b0-4a03-945d-0ea062afeb92","partialurl":"access-denied","publishingstateid":"1589dabf-bf85-4034-8ce0-c0698ce2a3d2","sharedpageconfiguration":false}</content>
  <iscustomizable>1</iscustomizable>
  <name>Access Denied</name>
  <powerpagecomponenttype>2</powerpagecomponenttype>
  <powerpagesiteid>
    <powerpagesiteid>386572a3-b470-469b-8132-7fe4ee2489fd</powerpagesiteid>
  </powerpagesiteid>
  <searchcontent>Access Denied</searchcontent>
  <statecode>0</statecode>
  <statuscode>1</statuscode>
</powerpagecomponent>