<powerpagecomponent powerpagecomponentid="a9f3e3f0-4c06-d3bb-bbab-acdaa2344baf">
  <content>{
  "displayorder": 4,
  "customcss": "",
  "customjavascript": "",
  "pagetemplateid": "fcf5ec1d-4cfb-467f-bd7e-a651e21d746a",
  "parentpageid": "18e6874d-16b0-4a03-945d-0ea062afeb92",
  "partialurl": "Shifts",
  "isroot": true,
  "title": "Shifts",
  "summary": "&lt;p&gt;This is a sample landing page designed to be a starting point for your website&lt;/p&gt;",
  "copy": "",
  "publishingstateid": "1589dabf-bf85-4034-8ce0-c0698ce2a3d2",
  "enablerating": false,
  "enabletracking": false,
  "excludefromsearch": false,
  "hiddenfromsitemap": true,
  "sharedpageconfiguration": false
}</content>
  <iscustomizable>1</iscustomizable>
  <name>Shifts</name>
  <powerpagecomponenttype>2</powerpagecomponenttype>
  <powerpagesiteid>
    <powerpagesiteid>386572a3-b470-469b-8132-7fe4ee2489fd</powerpagesiteid>
  </powerpagesiteid>
  <searchcontent>ShiftsShifts</searchcontent>
  <statecode>0</statecode>
  <statuscode>1</statuscode>
</powerpagecomponent>